Credit_ID,Customer_ID,Credit Limit,Credit Status,Outstanding Amount
140b0ee6-3254,2404035,46060000.0,active,465458.16
164f28ac-2d6d,4708721,224840000.0,pending,912980.81
641cd51e-9bad,131908,188280000.0,denied,288291.74
62fa1717-a8f7,6658890,,active,542837.0
17055f2c-ddfa,3383599,237430000.0,pending,674948.95
14edf6dc-f782,5172960,1230000000.0,approved,696620.01
f3e21a06-a863,5552646,243510000.0,active,877372.36
a35d37a9-0acc,1887599,,pending,216289.9
6e81381b-c52e,4678553,,active,204572.06
fc59616f-3277,6782347,3070000000.0,active,881483.3
b00abe32-995d,8608580,,approved,
9bfc51c5-e821,7399886,4080000000.0,pending,813910.11
0ee26813-66e8,9545420,14360000.0,active,775404.85
04d2a2d3-8397,6274132,,denied,636057.55
ebb82798-8f46,2573688,10910000.0,denied,652310.23
8d91e3f1-3ea8,5905910,7240000.0,active,607131.49
ee4185dd-24a2,6403425,33670000.0,pending,11176.99
ef263163-a971,6127951,75190000000.0,denied,35537.18
ef665f67-de9d,6436469,,pending,864710.79
34f991a6-8480,3066823,2580000000.0,approved,811731.5
445e0acb-9210,3459232,,denied,49731.15
c6dea75e-88bb,2375719,2300000000.0,denied,733437.01
402f1711-cdf5,9977877,59420000000.0,approved,332311.25
0deb8dd1-6c06,1658842,,pending,719317.31
153e648a-126e,1611210,,pending,
8e0affff-a3f7,651998,,pending,179975.79
bffced88-437e,1238823,4420000000.0,pending,721014.73
1dd32287-9931,7963221,173180000.0,active,977803.76
68809183-ef97,5458884,1350000000.0,active,73608.6
93b52d48-1ca4,1067819,2000000000.0,active,873621.44
b9c23797-8890,3074943,446000000.0,active,924402.06
bc2cc41c-93a5,4000238,3520000000.0,pending,366665.58
a50ffc31-8417,6866072,70350000.0,denied,879864.22
55bdeb16-7275,7133521,854420000.0,denied,31498.65
350eab52-2925,5194664,37260000000.0,denied,675113.86
8315daea-689f,344863,1570000000.0,pending,387111.56
e3189022-d0fd,8547087,6250000000.0,approved,231592.99
42496a3d-5094,2524058,64330000.0,active,472487.82
cd91374d-998d,845404,,denied,165744.65
a1b0b5f1-69a2,9637756,653440000.0,pending,310799.31
8f8b809c-9229,3495291,63590000.0,active,418790.53
39d8d2ab-3b35,1697985,1030000000.0,pending,805262.6
e62a2d11-91f4,6665409,,pending,292098.81
64ccab1b-5421,3722285,406470000.0,pending,270241.51
f619d617-bf27,7987285,,approved,835340.2
ef48952d-81c7,9288693,417190000.0,approved,844088.51
12cc4ea9-5e3d,2809133,72330000.0,approved,319828.8
fedb555e-4d0f,3071143,4160000000.0,active,531210.07
d8f57703-d062,1988870,106490000.0,denied,180869.9
264cbfc4-4fbf,2345222,8660000.0,approved,844616.19
b9480a0c-3f79,3855253,630700000.0,active,240820.19
36c0d542-60b4,2658528,122360000.0,denied,182498.88
bb4fa9d0-0c2e,1018125,663300000.0,pending,970404.66
9e0190d7-9e02,2119860,750720000.0,denied,334451.72
387cc773-f32f,7941489,14980000000.0,denied,705001.3
59ec5ffa-d8cb,1545127,4160000000.0,denied,
c4bb208f-479d,8923846,,active,704262.1
6d85a1fc-b6e7,1782363,,denied,591042.21
41cd7e4d-058f,7111051,,active,345886.73
5a604897-9a31,1455834,2400000000.0,active,88778.32
ef16f0ff-464c,22115,320720000.0,active,313000.59
ec301697-a698,7110729,529590000.00000006,denied,366021.36
7d1dfc4b-3de0,6970640,218350000.0,active,906264.93
81f95182-6bf5,1156318,,approved,785512.16
36ced505-6961,994765,3650000000.0,pending,289204.46
c058bbf8-36fa,7240637,10060000.0,active,938255.32
5bc0db7a-f61c,3237638,,pending,697283.69
83a0ac4a-8411,9850821,390470000.0,pending,466497.1
25b8d4a0-9cc9,9001912,172770000.0,pending,632944.46
229318bb-0836,6429738,2340000000.0,active,947635.74
026cc264-1e72,6664799,8189999.999999999,active,23292.38
28a470c7-8ee6,9236894,208280000.0,approved,501069.91
a9e106c8-c537,5611715,,approved,954917.2
502fd941-0a96,1203776,3710000.0,pending,319107.7
741fb3d0-f2e8,8966750,3740000000.0,approved,284781.12
deaa705e-018f,2733660,,pending,95940.17
c05b1bbd-23a9,9450675,268640000.0,denied,901151.17
230d967d-91b2,5044197,74570000.0,pending,75894.69
eefe9ad9-b6ac,7987584,61920000000.0,pending,652559.46
facb28da-8612,8817030,287820000.0,denied,762582.27
43205b15-9025,7433760,392380000.0,active,311327.27
28db54b9-e351,2269480,256360000.0,approved,702898.6
5fb6af6f-4bac,4335776,9320000000.0,denied,924684.5
775c31ae-52be,234678,,active,635573.18
580bc410-7d2a,6926300,103850000.0,denied,781468.08
b4f0fefd-d1a0,6483477,4230000000.0000005,denied,397600.75
cebe0a05-14ef,3998769,769940000.0,pending,739840.29
868e560d-6553,7178662,1040000000.0,denied,555278.32
0dd65233-239d,6255516,1610000000.0,denied,781151.98
2a72f721-86ad,8502873,428970000.0,approved,822884.98
49e9c1c6-d6ba,5221055,127900000.0,pending,864722.95
bdf41f5c-6ee7,1032681,4800000000.0,denied,43847.66
83b08197-c6d1,9655134,,active,952678.34
95b78b14-b842,6236072,96090000.0,denied,966802.59
841ac403-d322,3499421,523309999.99999994,active,358239.48
63abd32f-955a,2172698,4130000000.0,active,529651.14
6d903906-f79f,1142075,1600000000.0,pending,318066.66
d92b7fb9-03db,15120,443540000.0,denied,188778.95
65fde040-3ef8,9824495,22240000.0,pending,295719.84
ad24883f-ce65,2567448,120610000.0,denied,481506.81
16aa5d5d-2c17,3000522,462370000.0,approved,635290.14
f57e92d9-c6b4,3929538,79800000.0,pending,198438.72
71ab5295-560f,8616392,2620000000.0,active,744597.53
b59f0550-808a,4372753,1680000000.0,denied,408281.72
b49d7d5d-7719,6072532,90880000.0,active,728177.67
19a5eedd-543c,2155146,171900000.0,active,621515.04
a645ff78-9398,3765762,9900000000.0,active,588675.36
5619f78b-73ce,8752917,2330000000.0,pending,213738.56
35d90c9e-0ca4,1175838,136400000.0,pending,247729.89
111806bd-ff99,2093030,,denied,640661.96
cfb85e96-d6a0,262071,340420000.0,approved,178471.84
21fe0971-134e,5168080,90180000.0,active,11377.67
f684ad5b-0dea,6159764,308890000.0,approved,420581.18
2a440605-6e6c,207382,137300000.0,pending,517652.08
ee38a98e-ec1b,2366842,2570000000.0,active,435904.95
35092eff-d881,6895378,637260000.0,pending,449832.01
5cbcfaf8-daef,1863493,379990000.0,denied,191940.98
4fc72ace-e5c4,1698928,,active,454541.82
6f925a93-379b,3670649,804880000.0,pending,977576.79
25bbff0e-a1ab,3920783,463090000.0,denied,604737.14
22cec4a0-6952,3679379,,active,24350.95
fb8f5c1c-277c,5557061,8550000000.000001,active,258093.1
35529643-7b32,3572988,4820000000.0,pending,878400.39
40188a01-53e4,8546794,54950000.0,approved,665978.36
f29aea4b-442a,8279437,262860000.0,approved,599894.98
501c1b89-1417,3378992,,approved,170959.33
890ad142-f248,2515896,7070000.0,denied,714580.61
fe4abf41-f40f,926023,336380000.0,pending,334361.71
eccc5f22-74a5,9615022,47700000.0,approved,512755.08
5c1144cb-285e,65520,907670000.0,approved,892598.37
4ab90a54-cb71,9508573,92420000.0,active,706023.18
9a20d2b6-8d3d,4210700,15550000000.0,denied,937068.63
71cd3a2b-ff93,6836990,,denied,401001.56
53e13468-ff7d,2140118,1230000000.0,approved,993799.71
62a0dcb0-fe79,5500118,,denied,359771.42
2deb89a7-719f,8987187,452260000.0,active,436946.19
d801c338-ba24,9435459,31070000.0,approved,231894.73
13edf866-97d2,8849422,6590000000.0,active,230942.44
c4bd6db4-cdb6,5815723,22730000.0,active,655668.51
a322a3c5-7ca9,8576283,34750000000.0,pending,751163.09
c3c58d10-ec15,219471,425180000.0,pending,
ed9222c6-28a0,4550384,254840000.0,denied,412886.02
77bc798c-1df9,6115565,207430000.0,pending,601328.84
718ecc4f-6594,690878,1290000000.0,active,713164.11
45cbff07-f293,4312533,81490000.0,approved,182282.51
6bc25e0c-b1e4,3142385,3820000000.0,approved,614413.82
424bab33-d39a,4097745,8510000000.0,pending,783433.69
0059ba2f-9e31,4526249,2590000000.0,active,626884.08
8d94792f-fe12,3270844,39480000000.0,active,525506.77
3fce2ea2-0404,2472473,352170000.0,denied,544396.23
849b034e-069d,2923493,178380000.0,denied,60300.59
8c934211-3954,6404148,,approved,856603.02
67d137f8-f8f2,5810697,436920000.0,approved,680623.19
b2541725-c5fc,7664101,5240000000.0,active,665610.93
310b5804-69e7,7786827,1600000000.0,active,10913.0
95db34a8-ff0c,9447022,142790000.0,active,
26b9b14b-093e,2312501,,approved,60774.6
a956ba7c-d52a,140012,796590000.0,denied,559726.5
54095441-b9ec,3357143,5930000000.0,denied,496515.56
fd669323-7cde,9912274,9460000000.0,pending,931614.63
de0b2aea-4a5a,3446719,,denied,230046.05
e12495b1-1098,305661,4820000000.0,pending,634045.31
a17f988b-c465,5500184,20370000000.0,pending,614059.18
727503ed-14a6,2655821,1720000000.0,pending,914315.99
0b5bf576-bb83,3438699,290460000.0,pending,812526.67
8c42a94a-c8b5,1127062,8420000000.0,active,406179.03
debd005a-5312,5238663,3660000000.0,pending,468447.76
679b2e8d-fa65,9671605,1530000000.0,denied,38583.52
60b8288a-0b04,9171035,4500000.0,pending,97041.14
be2627b0-d9c0,8619928,28790000.0,active,980393.51
c83c95c5-e075,2721223,543650000.0,active,898228.82
1823b5fa-c937,835179,6590000000.0,denied,
d7fe5ad0-875e,5614263,27010000000.0,approved,177489.12
06fbdd49-a23c,3432570,179180000.0,approved,471325.61
989b5158-2ea9,1386348,276700000.0,pending,884618.07
79d60cac-5d6b,1832782,117970000.0,denied,243627.12
639bcf47-420c,6849214,1990000000.0,approved,308991.8
d7a61618-f59c,1237618,686200000.0,denied,956202.21
738e882a-b430,3420513,1630000000.0,approved,203675.44
90fced20-01af,7288084,349390000.0,denied,552243.39
c7611332-a33c,851865,27490000.0,denied,354051.43
1e41892c-9e8d,1525189,187290000.0,pending,57787.86
d8f28cc6-9e8d,4096154,1410000000.0,denied,486873.05
3e9c3d2e-4b42,4685405,749120000.0,approved,544830.98
12dea478-ead8,5295962,689020000.0,active,576665.58
10ebad49-aa55,8094790,,denied,597999.48
cf175df7-8566,1205384,115200000.0,approved,16452.57
acdd2767-1953,8952433,1890000000.0,denied,761840.39
509d2f9f-c738,5789266,,active,791963.35
fe0afaa8-0661,3668892,,approved,901404.97
dec09ee2-55ae,9408955,1520000000.0,denied,7930.48
c7b76dff-6a0e,5092460,13070000000.0,active,284761.2
8d2fc9af-32ea,6072689,305470000.0,active,645515.93
2cf8d9b0-27f0,2678611,144440000.0,denied,681325.16
3640a996-d219,406494,42010000.0,active,142875.34
3330dea8-8383,6391184,3060000000.0,approved,344651.38
17e22f62-2f15,5846252,12190000000.0,active,519217.1
3d455e78-fd2c,5945434,73950000.0,pending,736418.49
7fa22ce8-868e,1862307,2610000000.0,approved,475656.73
dd8c3926-7cec,7059823,9040000000.0,approved,122420.37
c9e14de7-1f37,727239,3450000000.0,active,868851.08
87bc3a0b-552e,6675129,8529999999.999999,active,121564.5
1586db54-221e,5411336,88110000.0,approved,603348.82
c63de50e-8b41,2547436,,pending,926523.79
e7daba61-f8f9,9912448,4110000000.0000005,approved,405820.39
e9b8f785-d931,9945409,18340000.0,denied,63259.57
784aaeb5-ee90,1686423,,approved,155687.74
4894b0b3-8bbe,329226,1280000000.0,denied,778160.64
6fcaf39d-54f6,9954294,931890000.0,active,580151.22
cdefb147-b8dc,3542576,419060000.0,pending,177266.89
d538d700-1bc3,4854362,9730000000.0,denied,280295.13
2283c87b-a816,9565607,2890000000.0,active,920156.83
8c2b2fb6-60af,7432517,19790000.0,active,968824.74
ddd097e1-b699,3004810,1230000000.0,approved,901117.78
a7cfdb29-5a8c,2820866,20230000000.0,active,239460.01
81a061c0-9207,1125091,233170000000.0,denied,
c37d30bb-a5cd,6741762,72810000.0,denied,674096.1
8215f692-c0ea,7528530,776550000.0,approved,504826.9
a37d4872-c3f8,9449820,4580000.0,active,163708.2
a5c2bddc-c020,8747781,27150000000.0,approved,853834.04
17db79ec-5681,9572577,6290000.0,active,277968.56
6a92ac1f-61b5,226556,299850000.0,active,773347.46
2073da9a-d2e3,9667802,654690000.0,active,736075.83
192bfbb4-a1c7,1418241,685070000.0,approved,158704.35
75dbc4fd-5acc,9113980,1580000000.0,approved,5150.05
520207a6-ca20,4978604,,active,790817.76
5536242d-9967,5892259,205600000.0,pending,799987.74
76af094f-176a,3563397,84470000.0,denied,225967.77
6b4c7620-08b3,7949612,,pending,663763.64
7b256319-03da,376780,24520000.0,active,705513.33
a5432cec-0b6c,766876,322340000.0,pending,473299.84
ee8a5c3d-c068,152091,178860000.0,approved,53846.55
d859f782-a72d,7089279,,pending,648634.22
e27ea6fc-d64f,334224,382110000.0,approved,784695.95
d4531beb-1294,3708765,258290000.00000003,denied,707382.87
48c536a2-e6ea,6635524,174890000.0,active,234375.52
5bd366a9-ab91,4226303,458320000.0,approved,234017.78
9cc03f7f-3ec0,4923511,677170000.0,approved,938775.61
9bb89cbb-584f,9149797,122510000.0,active,925737.8
0e69e2d7-07ab,8788104,339020000.0,pending,418621.55
7f8ae4f8-26d1,302987,42180000.0,denied,162902.93
7939f11b-440b,1461729,14240000000.0,active,216065.5
d89401f0-b34e,7966351,267730000.00000003,approved,42553.02
0a705ec1-8326,1035901,5840000000.0,denied,898087.22
25dc12b7-3d19,4403759,239530000000.0,approved,762186.42
78273095-1f1e,1541169,8560000000.000001,approved,796634.53
4895fada-0a4e,1881627,,pending,146313.89
525f6d90-f041,9044961,1150000000.0,denied,415555.85
fd0a6379-85f1,5386126,2460000000.0,pending,25378.95
043eb0e5-88c8,5232049,173590000.0,pending,76124.68
7e3becda-a6da,2097760,,approved,493873.29
68791886-2866,3276323,206360000.0,denied,949429.1
f5ebbf4f-6c18,3925573,824000000.0,approved,599191.19
6a6675f8-9bee,2946661,5290000000.0,approved,429717.91
5a89ebd2-6fe2,773376,45230000000.0,denied,155074.91
8c736fdb-04ad,6673964,19240000.0,pending,790950.65
64072b53-badf,1465969,679830000.0,active,697242.01
6b5296d0-8220,3990625,1720000000.0,active,478575.45
406f9253-2265,7945550,55300000.0,approved,342218.42
191aae69-f883,4298734,41400000.0,denied,323235.23
4f226a71-98cc,8586170,44320000000.0,active,743898.45
74c5fdd1-4829,2433083,6480000000.0,active,376239.78
85158269-5bbd,9160122,5080000000.0,pending,61764.75
9c31e424-8199,8698565,7190000000.0,denied,35592.14
b90244d9-6766,6114504,,pending,514620.02
e0eeb383-20eb,1369531,60840000.0,approved,418756.56
604e215d-e0a4,3253200,21700000000.0,active,906708.03
02a29337-3b9f,7532633,347430000.0,approved,996697.68
fc90d3ca-3dd6,2829422,107460000.0,approved,333539.2
3fce1290-8b6a,8846765,,pending,800898.88
670fe67d-e2d6,8435216,5200000000.0,pending,821445.66
e6680a37-6b85,2870208,,active,838826.12
968281d4-5ff2,4996271,,approved,372034.55
f232d4b8-a71b,1441420,,approved,583862.28
be653413-aea6,9833313,,pending,263306.34
e55bd986-ba02,7824982,,denied,909265.17
c32294d4-fabe,8767499,1100000000.0,approved,330888.25
0090c125-5b8a,4115688,12790000.0,active,597701.01
c1f8bdf9-f58c,1023297,,approved,548603.34
f83c6553-2083,641919,937550000.0,approved,260229.38
0c5f114e-bcd6,1475245,164060000.0,approved,867921.43
03671cc2-7f55,7416958,,approved,791529.65
c1a343e4-9481,3099116,299600000.0,approved,902433.82
51a12235-b1c8,9290583,66200000.0,approved,533633.57
6d75f432-caa8,8983788,4480000000.0,approved,264900.29
5d53de51-046c,7679480,2750000000.0,denied,81076.65
e172fd60-2213,1727631,10850000000.0,active,780429.67
f0975950-4348,8492666,33920000.0,approved,32696.39
8f396624-a4e8,3659096,,pending,236552.7
aff05d2d-779d,2302932,,denied,161284.82
0b8dfc31-eef2,1850761,,active,67238.77
17b98f5c-0302,1604021,18800000000.0,active,668130.87
9b4a0188-debb,8826669,980540000.0,active,838941.49
24fb37a4-0521,3763323,378970000.0,approved,487535.27
77241a27-8f0c,4085607,,approved,793307.95
be41be3f-b33b,518117,97070000.0,pending,230821.76
eea8c7f1-9634,8062010,,approved,15263.3
f84f93fd-7ecc,2968979,320210000.0,denied,820911.17
14e2d2ac-b63c,7938461,1160000000.0,approved,325848.57
033ce966-4107,9194106,2089999999.9999998,pending,49515.11
c1786ead-c762,5311917,225700000.0,denied,844347.02
52e2d2e0-cf5a,6829641,979780000.0,approved,509912.63
78864542-6ff9,9264459,2440000.0,denied,384448.3
dfec5d3c-937c,8037268,5440000000.0,pending,
86e599f9-72d6,1239778,3310000000.0,approved,677102.56
2531483b-9802,8273549,52600000.0,approved,220144.4
0c463337-370d,1776595,152900000.0,denied,341129.47
8b1e827e-e555,3338521,107460000.0,approved,949526.16
fd1f54e8-91e9,1206630,1490000000.0,pending,512358.07
8173a1ea-9ee9,6117182,,pending,873690.56
a2fa3ac5-20d8,8031572,,active,30487.1
1b2a2373-edde,956288,4600000.0,approved,438891.88
b0c5ae8e-19ca,7589417,390560000.0,active,575997.98
a490e968-c2e6,9171550,689020000.0,active,190134.37
0f9a4e4b-1896,192538,,approved,296325.51
b39f964f-7d2b,7096297,126830000.0,denied,143292.26
ad3d07b8-4382,7241965,3180000000.0,active,929125.9
ed1b106e-7949,75842,56080000.0,pending,591665.68
a8d55235-50c1,5402165,6470000000.0,pending,426945.03
628a528d-8f6d,1756394,498570000.0,denied,70809.66
f36456fc-0620,5703866,654140000.0,active,161122.45
b13d8ac1-0b0c,9161736,,denied,982272.58
31397420-9769,6973393,248850000.0,pending,270570.72
ef5f6dac-dd1a,4243308,2340000000.0,active,110399.0
b5eb074e-a07f,6018620,,pending,649573.27
98673a6d-d7b5,4512162,548940000.0,pending,898529.53
bdf91573-6243,3030102,5050000.0,pending,647988.6
cb8a0434-beb2,922670,214540000.0,pending,923682.3
ed14f3db-b7d7,2140423,676910000.0,approved,645966.34
3a2e68dc-1567,1521016,3540000000.0,pending,693123.28
7e7918d2-872e,9618998,81840000.0,pending,49320.52
7a5c256f-fd48,2470445,,active,573803.57
066253e1-c7cf,8782899,700070000.0,denied,703403.44
2dc32e48-e389,3153025,923440000.0,approved,892458.26
07c64af7-21f5,4547524,345670000.0,active,895669.94
101ead88-2c78,1886249,701960000.0,denied,749712.26
29598130-31a3,8242445,737590000.0,approved,822185.89
7cc608e7-387b,4363054,122880000.0,pending,563832.5
9a66fbb9-f081,2027738,24350000.0,pending,333527.01
a79e1206-cc12,6896149,304810000.0,approved,442108.97
f3e1c036-8e2b,2951608,702500000.0,pending,848602.84
8a3f4d17-0fa0,2762096,7430000000.0,active,20681.03
e938f3c0-a944,7619718,167960000.0,active,160334.29
d272e942-73db,1289906,1550000000.0,active,348719.2
b8fe9f61-112f,3872437,52660000.0,denied,137356.61
5c60c815-00eb,8956306,170210000.0,denied,543476.91
534d337a-c652,7308356,1760000000.0,pending,414748.26
befb3884-63ea,777376,,active,
05959aea-7950,8036786,27590000.0,approved,311437.76
e15574b0-1779,4479363,113570000.0,denied,657403.9
3ea55ad5-aac3,9651596,74690000.0,denied,590483.06
c34981e5-53eb,5239723,113570000.0,approved,735870.95
15e8e336-e6a5,444737,,pending,703564.96
63b82430-ff1f,6172994,50380000000.0,pending,694127.82
654b9889-3215,1812489,663120000000.0,approved,430544.65
ab19bbee-13c6,9584240,10910000.0,denied,916457.29
f0bf403d-296d,9165998,,pending,363058.76
3d870466-2dc4,5989826,,pending,380554.85
83f4bf3d-0f5b,2653416,53160000000.0,approved,458272.39
0695cf2f-aa8d,9253724,123200000.0,pending,
f9933655-a14b,6949709,719190000.0,pending,903451.98
fee15287-d4aa,3759821,,active,270754.7
82f44ec4-ac8e,940148,13710000000.0,pending,817122.27
8612a8fe-83bf,9044972,2830000000.0,pending,586587.13
0b1f8ebe-6c0d,9771544,255470000.0,pending,353136.79
49efb71a-66eb,2674777,,pending,34960.66
929a3f0f-f536,3074063,4179999999.9999995,approved,587925.25
11a64ecb-f4c6,9541282,5600000000.0,denied,703068.07
32bdff8a-ce09,6467408,3490000000.0,active,31171.29
56d54853-c9f1,5704328,150940000.0,approved,867102.72
1dcb83fe-cf07,5377035,403300000.0,pending,83217.65
e2b3095f-36e4,6416757,25590000000.0,denied,522404.03
4fb66cc0-db13,2048123,,pending,520288.28
5e79e35c-717b,3280839,1070000000.0000001,active,754562.48
0dae02e1-c347,1154068,790370000.0,pending,257639.95
d237445c-1867,5809240,,denied,441514.58
34fa9fc2-0aa0,6301272,74880000.0,denied,301457.64
93a700f4-972b,2128345,,pending,942231.02
10db7e14-b66f,3787697,1760000000.0,approved,434583.54
2fbb78cc-f129,5077968,,pending,515140.16
403313b7-a557,7259987,324080000.0,approved,975342.51
26c05078-045b,3279209,3650000000.0,active,864156.72
ea1bb934-6bac,5418259,175030000000.0,denied,161138.38
63a3d466-1e63,7361646,544070000.0,approved,352350.01
1de4330e-26d2,1814711,21260000.0,active,925575.45
9f65d4d4-12d5,7465874,761630000.0,denied,661408.19
52c016bf-dd60,6472736,,pending,610157.32
787a5cfe-2850,6441943,,pending,815141.29
6a16466b-68ed,9999620,708760000.0,approved,719375.7
beba2a61-4bbc,7111645,1110000000.0,approved,766846.06
6d7d663b-8bd3,5356009,,approved,58482.84
d35a4030-1bda,8176452,15580000.0,denied,
1c9d3508-8949,5181844,4970000000.0,denied,795855.71
7ff9435e-3d55,4915734,5530000000.0,pending,927901.52
3f3b7661-05f9,3813248,9440000000.0,pending,985004.74
144c9b62-7852,6485612,18260000000.0,denied,221384.38
8b8534c7-a9be,6074485,,denied,413261.62
ec3e4c6f-3be6,9992651,7600000000.0,pending,230534.31
dccfa713-d37a,1954317,3100000000.0,active,7533.35
1888c7be-2fb8,7163721,6960000000.0,pending,870269.19
155a9c63-b115,743084,10460000.0,pending,211109.41
5316a98b-07d6,1623435,,active,498166.71
279d547f-5fb7,195563,26860000.0,active,80743.19
e8bfbdb4-6cf3,2359629,4210000000.0,pending,767334.14
493b45c5-f364,9300980,11630000.0,denied,607826.17
326bdbba-9ceb,1080266,230280000.0,approved,402985.88
5a52245e-1e0a,2089208,,pending,417825.47
094815bd-aa4f,8549565,84270000.0,active,664895.23
e12ac47c-e6d8,1761458,88730000.0,pending,464981.31
5ae2c365-bd65,5969068,,approved,322024.61
8e8e2b8b-214d,9866399,14600000000.0,denied,800526.45
64d7a5ab-623e,7067979,383030000.0,approved,999402.72
232fd697-f382,1142435,399950000.0,denied,867421.15
e5b8bc2f-6d90,9634462,1170000000.0,pending,94153.77
ba81a3e3-7d4a,1352882,34259999999.999996,approved,20948.31
d11b2e5f-f131,1047952,233830000.0,pending,341848.82
bd4169f8-9705,6538757,,active,442480.43
4edb1858-6828,7198517,56320000.0,active,957491.14
c5678fc5-0fbc,404296,22920000.0,denied,274753.76
b6ba9cfd-210d,9730546,14600000000.0,approved,48211.94
deb8bf73-ad5b,5417822,367000000.0,pending,921319.18
69527cf8-f127,4831199,,denied,598427.95
15b454dd-b646,6171891,123810000.0,denied,925837.93
bdcdf749-b7c2,3641072,258600000.00000003,pending,430452.3
7b4d1ba5-bc02,5355592,71990000.0,active,493778.55
d3f57242-f42f,3251362,2000000000.0,pending,711927.85
914a366b-930c,2888839,6430000000.0,approved,803566.34
c6ca5642-a2f2,4237176,13550000000.0,approved,987021.94
dd58ecbb-b374,8131860,13920000000.0,pending,353427.09
1a552737-94e3,5106153,537110000.0,denied,558140.2
0268a95b-1182,2628952,42500000000.0,approved,44635.3
b438d6e9-2e5e,7015835,376320000.0,approved,782192.38
6c6f2199-bb64,968560,107610000.0,approved,260270.03
c20e972e-f063,8257150,1920000000.0,active,743663.76
e2cf4a84-7253,5549089,63880000.0,denied,283160.74
fa2bd56c-92b9,1218351,24230000.0,pending,709380.46
2ac24912-0368,7569042,54370000000.0,denied,917506.84
4bd43502-24eb,4393459,,pending,935297.46
c528449f-fd0f,534844,10920000000.0,active,98185.01
493d96a0-d94b,2175483,1660000000.0,denied,432846.24
e8167a94-d61c,4353542,531539999.99999994,pending,347432.43
daac14c2-4b89,7173808,,denied,715810.4
daf947ca-85b8,561140,159180000.0,denied,476932.53
2266a1ef-4ce7,2991814,14360000.0,approved,437319.38
a320b8f4-1a8e,2458007,36760000000.0,pending,518966.85
ea8ec3cf-ffe9,8230905,1630000000.0,pending,100011.45
24b8e809-f1cc,284860,5280000000.0,active,106345.75
5d136ea3-52c2,809880,608380000.0,denied,973498.62
23de4bd1-94bd,3066345,235720000.0,approved,780157.97
9eaa22ae-87b4,9244209,9370000000.0,active,619444.45
a3485029-8d50,4123590,,approved,733679.73
ae32908f-1ed6,2620318,129690000.0,active,601804.39
d106b0cb-b5f1,8962508,1390000000.0,active,825943.04
408b2eb4-8571,9684670,83560000.0,active,615514.31
4fcea17b-1ec9,2768009,31410000000.0,pending,506556.99
6260bc0d-a554,2779300,3220000000.0,active,597440.39
e53ac3ac-f9ea,63561,10930000000.0,pending,944802.76
90b63fff-eab2,4764223,446680000.0,active,669144.72
78aa82ea-785c,4205611,117970000.0,active,336598.45
97f1651a-df32,2446210,,approved,178869.08
e9d55a8b-4ead,4523035,422690000.0,denied,972145.74
39f38e7f-13ac,189175,2020000000.0,approved,70648.67
fa93ac09-36e6,4262531,7770000000.0,pending,452058.46
f0d67475-eb90,6340951,,approved,735420.79
e881bd14-f5d0,9614542,87090000000.0,active,432521.92
576707c9-da22,2508238,84710000.0,denied,62845.74
82f9cd26-fb48,6879915,128880000.0,pending,45268.11
3439f56d-1702,6022857,,pending,153320.47
2fc81df3-5fb7,2452916,671800000.0,denied,377747.43
567c7fae-bb98,4504156,356990000.0,denied,320968.62
048ff9b5-c467,2542381,271820000.0,active,671895.58
6a6c2625-8ea0,9672712,420700000.0,approved,724001.97
68bd7532-aa9a,4163462,1500000000.0,pending,238040.86
53febac8-bbae,2019824,26270000000.0,active,809149.38
45f8ad6c-490b,4404353,,pending,593834.68
393e69fc-b080,300382,,approved,913193.8
e737573e-f283,6726277,78330000.0,pending,624582.96
fb8e24c5-8454,9262185,526100000.0,approved,890281.34
768e3baa-4012,6744342,164160000.0,denied,749410.2
16b75939-4cb4,6895039,1320000000.0,denied,47135.23
fa347ca2-b092,2474560,,active,541708.41
0ceb0244-fb25,1461676,132490000.00000001,approved,376526.17
ed2ea917-eba2,2979031,2580000000.0,approved,234965.12
c08c2cdc-fc28,3364890,4880000000.0,denied,458550.4
b4bbf441-0dff,1021726,,approved,750362.19
71587a0b-551e,1600082,,denied,47442.83
23aff7fc-e790,4864952,110170000.0,pending,832300.84
ef2883d7-e716,3040418,483460000.0,pending,90405.82
1f74b83f-2197,6974464,245880000.0,approved,100976.41
9324e092-64b0,5302706,8660000.0,denied,100437.39
4e812c66-bd30,6446438,96240000000.0,approved,14496.37
958b3026-253d,9201437,1820000000.0,pending,768088.87
6d594ff4-119c,2134484,,approved,896463.79
f086bbb1-597f,1003622,122400000.0,denied,995836.05
d5edb22f-e273,3947161,2089999999.9999998,denied,292873.46
57b1897a-af65,4400142,136120000.0,denied,169942.64
a9688921-3eeb,1526704,1800000000.0,pending,869262.99
47bebcd7-7538,7992066,696390000.0,approved,19811.34
24732b4c-c851,7748035,417480000.0,approved,569609.09
6dad0197-e089,5212021,2380000000.0,approved,327151.07
d1224f21-459e,1136405,520750000.0,approved,519879.98
833b8702-14f5,6281182,772650000.0,active,47663.03
153202a8-a165,788864,8000000.0,denied,434668.27
3443f948-3f6f,7365479,905460000.0,approved,786684.28
bd06943c-222e,7388715,5110000000.0,pending,
001308e7-265d,1584680,,active,466934.74
3a873570-b3b0,1027459,18800000000.0,pending,145674.28
8edf52a2-bfd1,4662625,3610000000.0,denied,309854.92
0f7a6a35-9cb5,2454269,6430000000.0,pending,223185.39
2e7d80f4-2821,7277970,2450000000.0,pending,527451.15
3c45cb97-9318,6897475,2830000000.0,approved,
92cb7691-4705,2689340,30840000.0,pending,333863.39
d43b34dc-53fd,9842009,473870000.0,active,395531.75
f448000e-52c1,2466403,305600000.0,active,661383.31
eab9ee60-b975,4156657,,denied,897903.15
c5ccf9af-78e1,1449250,1220000000.0,approved,451225.55
86bf9d67-280b,5552490,1490000000.0,pending,97641.31
807c1584-0e4f,1747208,195150000.0,active,5725.24
b3286e14-1bba,8891400,749530000.0,pending,720920.33
02af8a69-2ddc,8087511,3110000000.0,active,15481.59
c4a91410-f3af,6672490,,pending,712231.5
9d123f49-70bc,2150435,37720000000.0,denied,841887.95
f90613f3-15b1,5526734,234720000.0,pending,871968.36
2947103a-b406,7903106,4330000000.0,pending,600534.5
b7cded5c-1487,5736596,,denied,819472.02
9ceb6d84-af9b,2184709,7770000000.0,active,552856.14
736c6696-d8a6,9610576,5340000000.0,approved,537484.0
fe506e71-96d1,7070231,747140000.0,approved,393412.39
a93e5493-7f25,3960129,47320000000.0,denied,112569.35
8aa8767a-0f74,9928781,1050000000.0,pending,325133.74
469756aa-6655,7189055,,approved,377153.51
6a9a55ef-1505,5267604,19390000000.0,approved,237476.72
ecc23a8d-1971,9574122,23640000000.0,active,291002.1
3bcd80a2-6993,6661367,,active,16764.29
adc6f0d6-b507,9741042,64310000.0,approved,86581.37
3fd8b7c2-00c3,2885379,,approved,79399.61
962bb1b7-4c27,929710,2520000000.0,denied,835247.17
1ca393a3-20aa,2981316,6280000000.0,pending,952661.33
327e762b-4d09,7117281,1840000000.0,denied,660843.41
30654681-80e5,3407679,3560000000.0,denied,105892.36
3abfaf0b-846d,2804296,3990000000.0,active,428556.04
686919bc-ac6c,9996607,5320000000.0,denied,680710.34
d52fd90a-497d,3238727,52000000.0,pending,218291.42
18b9aefb-ed9e,8973875,,approved,937749.52
651c19a7-6387,2729356,,pending,348257.19
7536875f-4962,5265821,,active,484039.41
a8edb716-6e2e,9010871,24170000000.0,denied,908777.04
a4f8981f-9578,6839047,7840000000.0,active,705271.63
33f03768-3006,2600162,14170000000.0,approved,629537.77
e253f522-ec24,9723823,291310000.0,approved,772953.12
6cfc23bd-14fa,4421026,,denied,423030.95
4f3b6d40-231a,9833905,569620000.0,denied,495854.62
9f9f4fd2-bb55,3507957,,active,753880.06
98fdd210-d77b,2632517,,denied,323590.75
e57c09dc-3ae9,6657602,4620000.0,active,759473.13
d4899d4e-d258,6637989,3180000000.0,denied,73108.63
ad175654-5a56,7013546,1610000000.0,denied,580944.4
5f71b265-41f9,1872756,6110000.0,denied,628577.52
31ca0331-2279,8045208,413360000.0,active,314821.06
a66ee946-299c,2685272,1610000000.0,pending,248280.64
784d8d6d-97a8,7535362,180820000.0,approved,138602.56
149cf4ea-3b75,4279264,4240000000.0,approved,605997.28
aaa375e2-6c7c,4818089,9760000.0,denied,249643.89
d363e564-85f7,4822584,80860000.0,pending,581062.83
ccf443b1-98cb,7421231,,denied,335162.16
6317c1c0-3473,4044862,617530000.0,pending,26534.21
6c3d8a75-b568,4912226,,approved,691776.95
fc7932e4-a8c5,7008711,1810000000.0,denied,388296.99
1225d11d-0e61,7384476,146700000.0,active,774291.87
18559fde-ce13,3536661,,pending,517532.89
237fc6c2-b21b,4066035,84000000.0,pending,38870.52
9c9ba36a-073e,5857056,484410000.0,pending,387226.63
10336b46-82d1,5508273,,approved,480333.0
9e3c9148-f2c9,8837149,1070000000.0000001,active,48229.55
9b704afb-7670,1924639,3810000000.0,approved,353246.36
d1d71930-67bc,9571918,,approved,185757.1
25c52cb6-659b,9138437,,pending,521421.14
2038eee0-8645,4576258,53850000.0,pending,30035.23
b190fc89-67eb,8338886,,active,955027.24
2448a903-41a1,4654916,677940000.0,denied,469798.7
7f82ea11-ea75,9032906,1560000000.0,denied,928679.14
e3bd02ca-b0ae,9080906,5060000000.0,denied,316911.49
b75c9af8-f241,7657793,7530000000.0,pending,518480.68
1fcce223-1216,3419982,2490000000.0,approved,636586.09
25d9102f-a18b,674297,,active,614283.42
67ed933f-a0a2,486368,804390000.0,active,432998.67
d738e848-9d53,9203714,71110000.0,active,242826.7
25651079-4f7f,4535432,1240000000.0,pending,74521.28
368bf184-6f3c,8401951,22730000.0,pending,905300.96
e8de3907-c42a,1681864,2180000000.0,active,208227.45
21bd326e-9a41,1718906,1090000000.0,pending,595772.27
b4135431-0ef4,2226729,769940000.0,approved,135835.73
b5d35f20-ac0c,6274938,885830000.0,denied,901836.24
f4d7de43-60cd,8615335,63390000000.0,active,112624.91
f2863b77-878c,5164547,2680000000.0,approved,90729.26
c4465b62-c707,2767285,3990000000.0,active,767022.67
d5ee749e-1811,2100077,,pending,33346.07
ad7c59b8-c9f3,8616207,568210000.0,denied,
326024a0-e70f,2996432,446470000.0,active,152920.53
68d96080-b60d,8372547,,pending,486084.29
5baf5ad6-38bf,747974,2960000000.0,pending,383338.08
200ee4df-e7e7,4479370,643740000.0,active,610218.7
4203c489-920b,5447326,221780000.0,denied,487363.56
634991fe-1dac,5118853,,pending,
7d2491e9-3445,6451030,637260000.0,denied,955129.92
3626a77e-f3d8,3254311,42870000000.0,denied,180756.96
3e364161-0977,3575348,,approved,102922.4
46a1e68b-c145,6127271,46600000000.0,active,93107.4
43ab5b9d-df1c,3865535,25920000.0,pending,183817.86
1c879ff6-7564,3545552,3070000000.0,active,649215.02
e52ffd89-1541,2235831,283570000.0,pending,710573.21
9f0dba80-1f59,9469788,3680000000.0,approved,921585.39
ca668518-e482,3505113,19240000.0,denied,598621.7
d397592f-9ab1,2498308,2069999999.9999998,approved,
a45a28e6-fe17,4567262,107750000000.0,denied,734692.42
bbed8831-9da8,1653024,77990000.0,approved,730282.48
101876d0-6de1,292407,873820000.0,approved,793621.69
314d71e5-471a,7924226,2730000000.0,active,938216.75
ac967265-f9e5,1837890,798860000.0,active,562076.59
9289be1e-9773,8160678,,denied,401350.7
f0e3ad5b-f0c5,3415953,192380000.0,approved,718909.9
1c24af06-68b1,3420153,816590000.0,approved,314216.04
72b2d6ef-35a6,6354037,14780000000.0,approved,888129.13
6447500b-2d2c,2299803,,denied,936138.93
fd7ef2ea-b693,3394186,1040000000.0,active,494858.45
fe7309b9-6081,8780280,,approved,840107.22
b8dfa30f-fe82,4544220,4540000000.0,approved,504678.56
e33b51d1-edb1,5692118,,approved,418029.91
0dc972c1-e89a,4841082,161770000.0,approved,22135.54
34dbae8c-e25d,4992060,176600000.0,active,912081.14
2d5bed98-0c29,1837879,11120000.0,denied,800662.48
e11bac6c-44f6,1651994,185560000.0,active,733200.49
6b41e626-d0bd,5212906,3360000000.0,active,276188.49
6bb6d99b-678a,979006,3860000000.0,approved,12912.75
dc94a00f-535c,8663995,27630000.0,approved,549008.01
4d12e608-ef00,2320138,12620000000.0,active,645197.89
bfb16995-b88d,5672863,165710000.0,active,917145.21
ea309a60-6008,9343793,56380000.0,pending,546397.49
9691af27-7bad,1247374,3650000000.0,approved,861524.36
d4f5beaf-9361,9519638,1550000000.0,denied,380418.65
b1002355-0e04,151888,1300000000.0,active,425486.52
5f297ae5-1e65,7657384,42870000.0,denied,313425.58
63a5ef81-c6de,9180673,193590000000.0,approved,100514.34
4c41732c-27bf,7406785,281360000.0,active,433334.99
81c436cc-499a,2448391,3170000000.0,pending,37569.64
84be7dfb-0d30,4423568,34760000000.0,pending,223644.86
142eb50a-1269,5507466,389010000.0,active,607166.07
1c980791-015f,5900887,2210000000.0,active,217153.32
e5ba55a9-0d3c,5303777,44170000.0,denied,551115.07
2388bbfa-e9b6,7413536,21910000.0,approved,546725.04
a9412904-f887,3277478,,active,566715.0
d14cf84a-5acb,919792,824000000.0,approved,809822.92
d3ecfe9b-1165,4901384,253740000.0,pending,431418.11
5a1c7c2c-00f2,2740576,1090000000.0,active,788744.53
09648a6f-a758,303636,,approved,10836.74
a85dca91-4441,3471039,10830000.0,denied,160834.52
d632de1b-5b68,9307131,83040000.0,approved,742182.6
3b49eb75-da61,8282844,,active,65739.77
2f6e6af7-f883,8478134,461580000.0,approved,437138.23
d1fe2640-bd04,9604160,751340000.0,pending,36134.9
40a8730a-90c1,9999397,1830000000.0,pending,289622.36
02864550-a5f9,3835723,1030000000.0,active,331171.96
2d3a4c65-077a,5908375,,active,974917.9
67cbedd8-6232,5967723,,approved,157772.47
c51d95ea-2c7f,6506755,374110000.0,denied,806877.19
62ad427f-a878,7699777,4190000000.0000005,denied,57745.19
2aea0e64-f804,8846031,861130000.0,denied,683622.9
1fc13cd3-1453,143287,739260000.0,pending,755306.89
d1a407ce-03de,3186475,591490000.0,approved,883868.53
ef1a6f99-fe87,4333640,16290000.0,pending,885267.63
24e782c6-1261,9411156,95290000000.0,pending,901680.37
bc7d163b-f611,388930,137300000.0,denied,301107.26
eb76d10c-c8fc,1986116,3100000000.0,pending,966256.25
61c1499b-6097,7028596,19180000000.0,denied,401919.2
cc32c7e7-5fd2,7349548,369080000.0,approved,754948.83
69268f73-d461,61842,,denied,640236.22
a5fd9a3e-b00b,6884697,,approved,44950.85
fc4d8dfa-3145,820831,3630000000.0,pending,912.68
c0a3786e-664a,2455236,5080000000.0,pending,357796.53
baaf1ba8-aa7f,7265346,19260000000.0,pending,149250.13
bc07006d-0b51,5692767,725050000.0,denied,324485.0
6e51860a-f1ba,7529456,20660000.0,approved,230806.84
a7adf299-fc1b,1339167,,denied,481949.52
0e2b3a7c-8368,5569222,4750000000.0,active,766294.39
8444e11f-7457,1947494,532799999.99999994,pending,579403.77
2fb25927-cade,9044665,60660000.0,pending,210761.15
4a16c705-9537,2040302,1280000000.0,approved,421849.71
c77774b7-f7f0,8077370,,denied,940782.02
10034924-9c8b,3919628,46900000.0,approved,364729.32
c1d5da7a-8ca0,4106724,17070000.0,denied,681843.31
59449bde-b159,8620728,,active,160250.9
d5b4f071-3997,2035920,,denied,820764.23
d948646c-1016,5494075,7640000.0,active,853282.92
f56358d6-7d6e,5380391,888480000.0,pending,105932.45
04bce2a5-0af4,8442881,,approved,323177.96
00475455-0a19,7969296,5050000.0,approved,106406.84
170677a6-1f3c,3851521,581410000.0,active,747723.84
650bb1e8-e88b,5772252,10410000000.0,pending,435777.24
824ef4a5-d453,4618622,61210000.0,pending,160192.9
95a175d2-9494,2438552,134199999.99999999,active,518041.97
a0b62434-3818,8419383,116380000000.0,pending,241598.24
bb1b8891-5979,2986988,,approved,106185.77
e683fa32-ac92,4006895,,denied,783768.08
f63a320b-4df5,9400200,2850000000.0,denied,928625.91
601b1db1-d6f2,1145150,1260000000.0,active,274810.0
374d78ab-ed34,8597376,28740000.0,active,49189.55
ca6783f6-8fd3,7299090,3310000000.0,pending,934000.09
b499744e-389c,7608027,264019999.99999997,active,911000.0
1767b1e9-1480,9122946,,approved,490726.73
b76444de-4de1,665908,475850000.0,denied,166491.49
d286b661-8840,6178727,2330000000.0,active,
9575094d-96ac,7604090,12860000000.0,active,231745.36
651ff4d0-0d25,8289321,,active,998295.04
9a4551c3-06f4,2212584,790370000.0,pending,299295.18
216086b1-1454,9178508,340420000.0,approved,186029.21
b3f5f121-698d,2997066,129610000.00000001,approved,466032.26
4a7d84e6-6d23,9726464,574740000.0,denied,427962.7
3e990607-aa3c,791123,806930000.0,approved,60060.81
1c282400-af46,9384365,173780000.0,approved,845040.96
06e4a335-889c,3065338,3600000000.0,active,657868.65
dadd6ce5-ec2a,9211421,979780000.0,pending,353058.14
5605188c-626c,3692515,,denied,368132.41
9c0bfc90-09e2,2551104,120430000.0,active,140414.93
ea3af08b-afba,5316592,83950000000.0,approved,307336.91
e25ba488-cd45,9065514,251610000.0,pending,686125.27
55e38d30-8b2f,7540028,37140000.0,active,582491.0
6a6afb21-73e9,3562000,600740000.0,approved,791762.43
7eb01c08-4928,6151567,91070000.0,pending,
7139d59b-9781,867911,187290000.0,active,628219.48
dafc0dc9-7969,7078131,18630000000.0,pending,221271.81
5526f016-f47c,453662,216490000.0,pending,34854.56
0f459313-3c96,8852260,496430000.0,approved,213294.82
8f0f9056-55ff,1161808,26420000000.0,pending,242793.96
0bb860be-25f9,3700898,,denied,132018.85
f6e7d8b1-764c,277030,464660000.0,approved,298722.88
d65028b7-53f7,4654103,636640000.0,denied,219176.86
ac45b662-f2a1,8089259,2350000000.0,pending,930622.87
49c210fb-1359,7230661,200830000.0,pending,422080.67
bdfa7399-971c,3696553,,approved,725506.3
9ca05c29-3f4c,6575466,458320000.0,pending,391137.92
dd090041-5b22,5087497,60990000000.0,active,595968.61
bde0c1b7-ab56,7236989,1070000000.0000001,active,364874.44
91706d68-08ad,9719447,234630000.0,approved,7339.59
7e653d12-df09,2130515,24170000000.0,active,208186.68
8757a34f-0e8c,5726702,542420000.0,denied,423445.23
ef4f9654-f7cb,5925450,2130000000.0,pending,906732.45
69aec039-0c2c,9179500,,approved,126332.77
3dc9a4f0-a701,4029285,404020000.0,approved,963918.01
a292eea5-16d7,6790656,116910000.0,active,922442.86
2a9b5698-2704,3844402,196970000.0,pending,432859.64
40915584-4802,3778698,179210000.0,active,321122.65
0799e274-7f46,9826394,,denied,144158.23
fdec4175-c724,8114432,248850000.0,denied,592867.14
a7784898-c19e,6587332,365710000.0,approved,529384.74
d6f5eeaa-5aef,7150762,,active,116553.8
2f8f002d-182f,7573525,431690000.0,pending,77222.46
6a209c2c-bc58,3623160,,denied,
29597677-f432,2409520,430840000.0,pending,952380.27
5735ee89-a956,6300286,1100000000.0,pending,672242.4
cae003b3-9a67,5930543,38160000.0,active,965357.18
ec98c05b-60d6,6761026,387370000.0,approved,568782.45
6f347fe9-8ffb,5773027,12810000.0,active,271807.62
f237fc0c-1f19,7756306,4210000000.0,pending,349067.39
d71fd1a4-630c,6635595,163200000.0,denied,139991.76
a9eab57b-618f,3436750,2570000000.0,denied,460023.51
e0e2860b-d919,8050314,884580000.0,denied,328401.8
bef7d288-c93f,7101285,73680000.0,pending,834965.94
0ac1b29a-ae53,6310933,18910000000.0,approved,315248.71
856e56c9-4ea5,3604499,7870000000.0,active,736729.86
d8887ab9-0fd2,1805014,170170000.0,denied,
becf9ac5-97df,5073718,7480000000.0,pending,623931.39
4a4ee0d7-56b2,1746221,,pending,407526.93
2cd73320-9f36,3705517,,approved,890153.86
df719e08-1e54,5704311,156440000.0,denied,403507.88
a04d5fd7-6295,4892857,9300000000.0,pending,799427.96
f68a622f-95e9,4156553,308090000.0,approved,833386.27
6150876a-1a31,4804981,,denied,982508.01
2900675e-84c7,7808329,6850000000.0,denied,306116.37
8389c574-75fc,1083185,267730000.00000003,approved,4966.67
d480b728-2cea,6489991,587960000.0,denied,
0bb0b50f-4212,4269768,262029999.99999997,pending,621640.96
95fb3f63-49a3,86897,13130000000.0,pending,701261.87
3cc7f4fb-9cd7,3623502,27940000000.0,denied,361806.01
fc7d9bb1-ed4d,1539221,893840000.0,denied,706307.69
21362825-7ded,8120444,34100000.0,active,327464.73
903d89fb-6078,6247080,4740000000.0,denied,63635.41
d390fc91-828e,5776980,2380000000.0,denied,521999.01
8aa299f4-86e5,7613293,39130000000.0,pending,386712.2
8b7de253-50f6,9792776,3550000.0,pending,629276.35
bdd7775f-dba7,9188161,,denied,191892.48
71faec6a-d5f7,8061638,,approved,441010.42
1d333a5a-21c0,553693,367000000.0,pending,550580.72
614d7d15-3660,9381345,11670000000.0,pending,225242.06
a084b692-af92,6831421,818250000.0,approved,616046.87
6f2f6a3f-e85f,6469237,641320000.0,approved,802045.39
680f70f8-1895,1685601,175260000.0,approved,319398.26
dfaa530d-c549,6546477,,denied,126461.61
d3581663-cd05,7402507,4150000000.0000005,denied,466937.08
028af7da-d954,7470314,1890000000.0,denied,390649.04
f620f72f-8441,9684888,2570000000.0,approved,878506.12
7a192974-1314,1924191,1190000000.0,pending,104667.0
c4fe46da-bd91,231149,18420000000.0,active,313586.39
a2778793-10fe,5967068,592360000.0,active,177265.74
d7577597-328d,9750830,1790000000.0,pending,458592.47
654cf577-510f,7779215,,approved,373473.97
c28adefd-5e5f,8694418,1790000000.0,denied,953902.18
6dbd27ad-2cb2,2206768,439760000.0,approved,583396.89
68d66705-3c6d,8919357,71120000000.0,denied,634132.2
48770de9-db9f,7933128,4330000000.0,approved,15914.74
d3a631a3-1070,1135004,188280000.0,pending,103868.48
d54572c6-94e1,3156263,33509999999.999996,approved,346662.72
97855740-f7ea,4775679,64310000.0,approved,913158.13
328c82d7-c40e,2770067,87170000.0,pending,590938.67
c1eb6d32-b8a4,5437855,,pending,465689.25
29e2ab84-d922,6213127,535950000.00000006,denied,887819.38
73426517-b818,9346954,18930000000.0,pending,194852.24
955efcb9-bc4b,3180252,1890000000.0,pending,795615.77
d06e5846-7673,9187241,,active,325876.02
ae141913-651f,4126336,19070000.0,approved,290461.1
781064d0-e502,7321922,46900000.0,active,956589.6
f478f24b-12f4,2435566,,approved,967480.28
9643fbe9-6b24,1035017,1530000000.0,active,235750.03
7a710a5e-1fac,2514371,48810000.0,pending,14413.56
f7429379-47f8,8957207,92250000.0,active,394918.6
2e80f0f7-0847,1512208,,active,395984.11
5b783564-3b4d,1716526,278180000.0,active,624170.95
18c87255-bdd9,2150896,771240000.0,active,138508.08
911d4d55-25db,8117737,347430000.0,active,561427.52
d8a4690f-ca15,6494365,,denied,432204.13
96250f8d-6eba,1339808,3620000000.0,active,436126.15
fdc3dcaf-9d09,5505504,,denied,985840.75
e5450404-ba61,413171,,active,808661.78
66e13b89-cec8,4032522,,active,759433.28
6a4e6003-edad,432085,598910000.0,approved,206427.63
c7aa940a-a881,8512991,2730000000.0,active,450372.48
7dcc8011-47d6,6205098,123380000.0,denied,541382.82
fd3e8b97-9fba,5453998,,active,609028.98
ea407b46-8439,2460188,,pending,52190.63
215b898f-b9a6,8336115,13850000000.0,approved,411524.39
85374400-1b33,3697592,,pending,951867.53
68424b7e-f118,2191742,,approved,42560.18
5cc33c12-101d,6588159,10750000000.0,approved,846636.86
f76ffd3e-c496,4065930,1970000000.0,active,452934.45
38b768c4-a473,5494641,4770000.0,pending,981156.5
e4f4286a-6470,500619,1760000000.0,pending,851160.43
e123a8b4-b492,1265864,12310000.0,denied,11870.26
26957756-ac3b,9800364,315920000.0,active,829935.51
0b1f1c27-e44f,8348877,716420000.0,active,
5de6083c-2ccb,524931,605930000.0,denied,928355.95
dcff4d77-151a,4343893,4660000000.0,denied,865087.04
216c46ac-ca45,4311939,,approved,663429.62
535e5dd4-eb45,461205,,active,713422.71
2a7f10cc-9d81,1837454,98910000.0,active,228259.39
e9d92e57-3115,5387894,143510000.0,pending,581167.16
2a133bde-0a2a,5161739,4139999999.9999995,active,66307.58
5871a1ed-3571,9562499,208630000.0,active,696580.55
e0122996-cc66,1728095,2450000000.0,pending,902848.95
a4691ec1-1fa9,592771,134750000.0,denied,222686.49
3241472e-565c,2648861,2109999999.9999998,pending,805154.01
0a5ba433-54ae,5046445,46600000000.0,active,740069.42
1991be4e-418b,3573814,44140000000.0,denied,158906.74
9d18c131-7420,1894340,11240000000.0,denied,530203.14
4c097148-90d2,6193336,18550000.0,denied,683367.22
39890c11-4768,9507217,,pending,411460.76
0262243a-9c02,4671935,,active,159057.76
ca75b16b-65b3,3033328,192010000.0,active,633373.55
a8d5b60d-5d17,1917102,,denied,210516.81
a875b419-3810,9205008,1200000000.0,approved,48487.17
77a8e120-6c41,7510564,42180000.0,denied,998529.09
f51b888b-c0bd,544408,3680000000.0,approved,730872.07
aea1ab50-7532,9998140,,pending,547345.16
7a78c0ce-61cf,4804808,53930000.0,pending,163031.5
11b8bc8c-5d54,7589161,,pending,149346.51
0d4e3c38-f735,4938125,238940000.0,pending,208905.87
f1536519-759e,6414887,2350000000.0,approved,318874.12
549f6700-8710,3903702,205590000.0,pending,332601.26
ac8d096e-dd04,6299407,11630000000.0,active,856986.79
6c3d6b2c-5ecf,6523037,,approved,75262.07
4ee9b62d-1dd0,6884651,20920000.0,active,250681.43
b95e879d-1c0b,2483840,2150000000.0,pending,
bd4c8195-533d,8152182,128990000.00000001,denied,581642.93
bb356cd0-de8f,5649845,1430000000.0,denied,176369.46
4d6e0638-1009,6374841,,active,965902.29
0cd725a0-f40b,1028435,323860000.0,active,678721.74
5626c638-ddb5,1280178,15440000000.0,denied,43975.33
dbd0751f-3ebd,7221421,350140000.0,active,504192.07
12a8ddf9-2a99,4274264,351670000.0,active,885390.02
25d7a24a-69a3,2891051,74510000.0,pending,185136.8
0b66c28f-9917,1820524,452920000.0,active,976806.78
a6b618cb-35b5,3372176,108870000000.0,approved,834387.04
57e4c8a5-c543,7094943,2000000000.0,denied,972607.36
48d92734-fbd5,4358800,1760000000.0,pending,119542.69
faf7f3a0-57f0,3743344,717590000.0,pending,766330.84
90ba5957-a5a6,1480733,3900000000.0,active,511712.67
e337a5d8-edfa,1915666,31110000.0,pending,832739.37
7cba47e4-72cc,4927481,,denied,524826.99
1aa69c70-fa7d,7842465,491640000.0,denied,
03aff1a6-a3b0,677486,802720000.0,denied,393396.4
1906e817-2d38,1043913,42550000.0,approved,5324.1
39d1349c-2454,6820005,60280000000.0,denied,243239.14
c425cc3c-98f9,2930895,386510000.0,denied,219087.27
da1ac6e5-c721,1852986,79440000000.0,denied,221429.31
4dc9e4b0-70f8,2777802,47900000000.0,denied,329824.7
c55770eb-88e4,7744601,153070000.0,approved,616628.62
9b630d96-868c,3592690,,pending,917618.64
5b9a19c0-d65c,8718127,,approved,13821.39
4ac4465b-359d,3873026,2210000.0,denied,904818.6
71c89583-6e94,8909505,725530000.0,denied,154660.59
c184fbca-cc15,3785991,16969999999.999998,pending,
a8b1812d-8102,1102963,95920000.0,active,877478.26
573dd8b2-e088,8951931,1660000000.0,approved,
8e0e25cc-3340,4823588,642980000.0,approved,363286.28
ae3869ed-1330,6947435,,pending,899819.21
b30341e0-b296,5241812,20680000000.0,approved,267357.64
55eaa0c3-2d3e,6525921,,approved,501293.68
07d7ab1e-f62c,6526148,23740000000.0,approved,221323.98
7d4eba3a-9a60,6462358,198520000.0,pending,662594.45
60087477-774b,4566106,,denied,497702.0
1ee066b9-6f57,7350506,,active,425656.91
3ca42bed-e26d,4222193,,active,250904.47
91d13499-837e,7522860,,denied,589553.55
632d287b-fd80,1457474,161780000.0,approved,210951.66
c65604b9-779f,8995456,79270000.0,pending,889564.97
2fae77c8-a7e3,8551230,,pending,349808.93
3819d43a-ce0c,4777448,47060000.0,active,875384.93
f332a012-2460,5139271,3550000.0,denied,703895.67
84f21f33-db55,1189234,31490000000.0,active,316325.62
c02045bc-b7ee,268397,1240000000.0,active,696516.58
5f0280b3-8526,5925527,364190000.0,active,229096.07
7d2303d1-921c,1556926,15380000.0,approved,959764.92
ca18e3ba-7a64,1486017,,active,736885.94
215a083e-61d8,192729,729050000.0,active,12525.97
ef45ef4c-7b94,2829350,,pending,311168.07
34ce4849-1729,3677495,2710000000.0,active,18131.12
a9ef6dc6-00c6,5886720,10470000000.0,pending,681912.2
8652a437-4dd8,4458659,54370000000.0,denied,614022.67
99c4c83c-4067,9816085,200510000.0,approved,20455.24
d359a6ce-9ac9,9483867,98840000.0,denied,944583.83
55ffd6bd-66f9,7130965,2210000000.0,active,610742.41
e777d599-c8c7,9266106,51950000000.0,denied,93997.01
4a95e8ed-cba0,441917,197240000.0,denied,453701.65
4931f56a-43e4,3942541,240540000.0,denied,755360.0
ff6a2218-e654,6960541,144440000.0,denied,267177.03
40d5e683-af73,1617893,192680000.0,denied,921430.29
d48a3028-ddd2,4327896,79440000000.0,denied,353958.54
d806b2b6-0bd3,883133,68470000.0,denied,576379.34
19083068-a412,9743052,38950000000.0,active,906885.59
e06108a8-433d,6215896,877030000.0,active,894113.03
a5c7effd-1538,1465299,22920000.0,denied,865177.87
84d137a4-3b9d,8251416,,approved,
fd64922c-b5b0,1343655,575530000.0,approved,103725.32
6112c611-32f2,5846449,2810000000.0,active,26021.14
42203736-be98,1450061,,pending,985895.28
399fb963-cb07,5698897,175650000.0,approved,485696.35
13938e4e-ce31,3473708,7970000000.0,denied,624016.89
70fa7b7b-dfe8,7693830,100440000.0,pending,512994.77
aa86d0f3-7386,684492,295410000.0,approved,21376.24
549b816c-2fe7,1692492,48540000.0,pending,598248.34
e4092517-9c7d,7978534,440650000.0,pending,619900.59
3597dc84-bf5d,9669769,670270000.0,denied,561296.64
1f118378-73bf,1241741,1040000000.0,approved,297302.05
e7641f51-71b0,9919529,186310000.0,pending,
29245bd4-2b05,5609354,9010000.0,approved,306218.11
121880bc-0fc9,3435990,,active,343525.57
691e097d-bbc1,5731671,219020000.0,denied,653367.43
8cb8ee72-ca6f,6533589,503270000.0,denied,72035.77
27bab1eb-e795,4687906,,pending,979112.15
a4dc0a08-6f09,1149406,,pending,671835.46
1dcc4cc5-f46c,4988344,21580000.0,denied,923815.23
969ad1d0-3d84,2527198,208460000.0,active,716891.25
af3570f1-9828,7410652,749940000.0,active,780096.11
6968b486-7cab,5666995,405380000.0,pending,186076.41
72c1266c-ad59,9510202,3610000000.0,denied,367514.34
41745e64-992d,2061362,8820000000.0,active,619493.02
08c9c14e-3ec9,8613902,196390000.0,denied,410987.92
de5505b9-a258,2567586,195090000.0,approved,985285.95
0988740e-b9fc,6740361,3020000000.0,pending,436816.95
22922ca5-72e3,3125496,1870000000.0,denied,24972.41
55d61cf8-5c22,1865071,256070000.0,pending,155918.98
2627dec6-7654,4868272,78450000.0,active,62262.08
b26c572f-550f,6358089,34430000000.0,approved,511784.09
c4f120c3-163f,195192,2400000.0,approved,639918.74
c15a3124-8a81,2871607,2390000000.0,denied,974.4
d00afd16-dcd1,4449859,491370000.0,approved,907667.51
47a5a666-48aa,890326,3390000000.0,pending,854124.26
6b2e2cb7-7bf6,3927392,12730000000.0,denied,914389.14
69c1d736-bd38,6361981,16990000.0,active,764472.2
e0454676-7a1f,3393841,1040000000.0,denied,
8cfc52b3-ab85,3691099,,approved,703934.2
9a51bdfb-7d97,9572340,264019999.99999997,pending,798317.85
aecf9663-5e28,7198845,,approved,602820.99
fc8df690-4a10,282834,84350000000.0,approved,313595.94
a62cb8f5-224a,1758436,474730000.0,approved,613887.08
a7d3dc26-4dea,1832071,375060000.0,pending,498680.12
ee106d64-374b,4784343,1930000000.0,approved,183595.9
ce7c511c-8240,1302144,355850000.0,pending,731233.9
2b75e204-9030,4461620,1470000000.0,approved,29028.91
5cf922f7-0cb4,3418456,644870000.0,active,878148.03
e6ef4185-2828,6862002,553690000.0,pending,929489.77
683c73bc-6ae5,7051436,288600000.0,active,183411.16
